year,total_students,total_classes,average_class_size
2013.0,1065857,11225,94.95385300668151
2014.0,2002571,23755,84.30103136181856
2015.0,1300968,17707,73.47196024171232
2016.0,1357798,12443,109.12143373784457
2017.0,473338,3125,151.46816
