total_students,total_classes,average_class_size
1065857,11225,94.95385300668151
2002571,23755,84.30103136181856
1300968,17707,73.47196024171232
1357798,12443,109.12143373784457
473338,3125,151.46816
