total_students,total_classes,average_class_size
49180,852,57.72300469483568
96583,1817,53.15520088057237
63525,1289,49.282389449185416
66568,992,67.10483870967742
21513,247,87.09716599190283
