ASM,COL,DTOETS,HC,ONO,OVO,PJB,PJO,PRA,PRS,RES,RESP,TOETS,WC,WG,ZGB,ZMB
0.13249220142602494,0.5444444444444444,0.6,0.44740524997877934,0.0,0.14553111648699885,0.23258053221288513,0.1326388888888889,0.29730790043290045,0.2332034632034632,0.0,0.0,0.16385281385281386,0.5746624698830581,0.0,0.05497994652406417,0.14252557083439435
0.0,0.2634453781512605,0.3853485838779956,0.4856090025541897,0.0,0.24047619047619048,0.3206349206349206,0.12919501133786848,0.37038428165879145,0.11363636363636363,0.125,0.12777777777777777,0.2866666666666667,0.5934049721817102,0.1707516339869281,0.13843537414965987,0.13606654783125371
0.0,0.4112637362637363,0.14285714285714285,0.5003837432408861,0.0,0.28026468481013933,0.385495522995523,0.16666666666666666,0.3356824888074888,0.3333333333333333,0.29555555555555557,0.0,0.3587111718690666,0.4578763828763829,0.2,0.35238095238095235,0.14285714285714285
0.0,0.3546042846042846,0.0,0.47658563658563663,0.4117308617308617,0.4274825174825175,0.4573093573093573,0.5555555555555556,0.4150131118881119,0.5909090909090909,0.2222222222222222,0.0,0.529367201426025,0.6512087912087912,0.25,0.35555555555555557,0.25892857142857145
