ASM,COL,CQ,DTOETS,EXC,HC,ONO,OVO,PJB,PJO,PRA,PRS,RES,RESP,TOETS,WC,WG,ZGB,ZMB,ZZA ORATIE,ZZA OVERIG
0.0677258239878654,0.22929975026987873,0.0,0.0454520489614226,0.0,0.47189304264211224,0.0,0.10836438326761626,0.11720814968907288,0.07385212801176615,0.17906110567827532,0.04155208040003738,0.0,0.056216031890887884,0.0728466710099919,0.37792104553964967,0.08560382926367852,0.07469205789601692,0.11360403671532375,0.0,0.0
0.00628361554675911,0.1637979004815067,0.0,0.02596648305452601,0.0,0.3630566375921673,0.0,0.10075465249937303,0.14367961373203358,0.09016425715189719,0.1624248117792148,0.05715229315739309,0.020811434476157267,0.026510348022811416,0.09168013625104021,0.29303765114883,0.051269207333044915,0.061410067298298676,0.049548567058997545,0.003835429835356548,0.007670859670713096
0.01114859429866108,0.15510283254985624,0.011024302827369395,0.023238539208087584,0.0,0.3293025839081503,0.0,0.09460281276369042,0.13823366951443422,0.07304415322470002,0.1885679568137181,0.06378554789733959,0.03491702866213873,0.0,0.10421018420145178,0.266088783079882,0.04742298667536433,0.0703163047173285,0.03421332743173268,0.0,0.0
0.020038574858421688,0.16896850745388164,0.0,0.027380714469179775,0.043531636825733286,0.27804107566150105,0.16914530595642477,0.11610815511838982,0.13803430800371957,0.12422881068810337,0.1695688112765084,0.049704387298783806,0.03806805952203816,0.0,0.13007013559245292,0.25598076529328007,0.03519465972666825,0.045171675085713674,0.039594058186922514,0.0,0.0
